So11111111111111111111111111111111111111112	So11111111111111111111111111111111111111112
So11111111111111111111111111111111111111112	EPjFWdd5AufqSSqeM2qN1xzybapC8G4wEGGkZwyTDt1v
AfxHq3hHa2Lb4R96xKHogYB7YnhB6Rfd8YowDk9c62hp	So11111111111111111111111111111111111111112
2udu5ftcf2LTm4wR6jT5wCN4GysnkJGmKzjirsN9TNFX	So11111111111111111111111111111111111111112
EPjFWdd5AufqSSqeM2qN1xzybapC8G4wEGGkZwyTDt1v	EPjFWdd5AufqSSqeM2qN1xzybapC8G4wEGGkZwyTDt1v
4q71wxbFNJGEnbHdN24gmPCXYLkMntCeECx7yPSZygab	So11111111111111111111111111111111111111112
6MsuX4Fc7aQ9FFwnBFnA9oQZhUsFKhnjritV8Hu1pump	So11111111111111111111111111111111111111112
3ytQ1uY1XVJMuXcA5ndjpjA1aQ7etcHQCyqzuZxupump	So11111111111111111111111111111111111111112
DncJvcLAbkcp2YMhHaTfkWiTGsGsJcstyGzAEEWmqNff	So11111111111111111111111111111111111111112
So11111111111111111111111111111111111111112	Es9vMFrzaCERmJfrF4H2FYD4KCoNkY11McCe8BenwNYB
8NEvMqrYC6W1eBh5L3hjrbqmpCGTVNXYXtwLbftgpump	So11111111111111111111111111111111111111112
4VcY33JzwRihjAMqMaBkc9Zx1tZarozmqcm8H21Gpump	So11111111111111111111111111111111111111112
9daDWF4WgU86grkF8yZTKXFhR3pqtAzs8hnc9GfjNnwx	So11111111111111111111111111111111111111112
J8xQyfH2pG7jQod18a1KsAqXGmBWtn3VmGMEuGqCpump	So11111111111111111111111111111111111111112
Es9vMFrzaCERmJfrF4H2FYD4KCoNkY11McCe8BenwNYB	Es9vMFrzaCERmJfrF4H2FYD4KCoNkY11McCe8BenwNYB
Fy3FJRMC3N2nfZHKd96cG1X1jxpUzVCBc79xFqeZpump	So11111111111111111111111111111111111111112
JUPyiwrYJFskUPiHa7hkeR8VUtAeFoSYbKedZNsDvCN	EPjFWdd5AufqSSqeM2qN1xzybapC8G4wEGGkZwyTDt1v
EKpQGSJtjMFqKZ9KQanSqYXRcF8fBopzLHYxdM65zcjm	EPjFWdd5AufqSSqeM2qN1xzybapC8G4wEGGkZwyTDt1v
AnLQDZ8jAuFCohsPWisgWqkfkG5iw7zUfBC7imrdpump	So11111111111111111111111111111111111111112
6cvrZWgEUkr82yKAmxp5cQu7wgYYBPULf16EUBp4pump	So11111111111111111111111111111111111111112
FxpqHGw6PdbifwfNF1ZzfVNKPL1vvgjB2s9BJiLcpump	So11111111111111111111111111111111111111112
4c8uZjMLFdMWSih9C1ksfimje84f2eBP8oZ1Dnvbpump	So11111111111111111111111111111111111111112
3dwu2tw7kBFZvWEdJMbPCGm7MBwgziABChLV1kGspump	So11111111111111111111111111111111111111112
4x7xoqc6ogyBpQ9jKAWRsNJnUkBzAmXsE7nTa3a4pump	So11111111111111111111111111111111111111112
F3s4uKqZNGin8i2yq5LQiRuftgVzFvA3sKTsmGPPpump	So11111111111111111111111111111111111111112
Es9vMFrzaCERmJfrF4H2FYD4KCoNkY11McCe8BenwNYB	EPjFWdd5AufqSSqeM2qN1xzybapC8G4wEGGkZwyTDt1v
nPua271T2pmNHxB6o2fHqpFVqD94DNy56BU3y1pXZ6F	So11111111111111111111111111111111111111112
HsEX3kMXFrNoyzZnHWA82Ksu8GJWpDycho944L1Zpump	So11111111111111111111111111111111111111112
9tinCcDRrCWdb18gQqw4Bfds5r5ub2xbuUqeTHMdpump	So11111111111111111111111111111111111111112
7zaQb3Sqpisqw3JZnUT5qnx7PWCwGcVPK84goy5vpump	So11111111111111111111111111111111111111112
39Mzpdw7NDGiXmZZGWiCdR6Nzoc7muWuYkPsVDV4pump	So11111111111111111111111111111111111111112
GTFWEVQy5BwQsZJWS4Y6KaZ3or6Yhysh2EEUp8bgpump	So11111111111111111111111111111111111111112
AEXbqWmEHY4wXS1XeLfieBDh3ZEvVqkAdDzdaMAwpump	So11111111111111111111111111111111111111112
CK7UwtyYTo4CmBohCF9RhF6mCNDxnLMcZsCqouP9pump	So11111111111111111111111111111111111111112
AVVAVwmhoziPgr13c2wZt3nUn6iuSPAY6NdvoPCwaHQH	So11111111111111111111111111111111111111112
F9yiB9kPzCQKE8vP9jZfHXXuTL9z1FKTaZvqqKXdpump	So11111111111111111111111111111111111111112
4ze3msJ4BcC57ytvesujhHR8ZveWAnFUsfpSDq3otRsD	So11111111111111111111111111111111111111112
G4LJcPktZLrgsxu8VSJiBvm2mUVkYvPWzTHSAQ1spump	So11111111111111111111111111111111111111112
8Qp6KM9rjySGj3WSbpVSam8xvoZzWYcWMnnXU1ypump	So11111111111111111111111111111111111111112
2eCVVZ4tomqn4eyuA9Gh5PSKrjNXGwgMhPALGtAkpump	So11111111111111111111111111111111111111112
BDRMoQ3KfHqKoRocAbwKpBgJxMwjJcX6JrDPpmFWpump	So11111111111111111111111111111111111111112
FSsvKYeBv2MFGspE7XtMwapa8NqcF7XNJqigozwFpump	So11111111111111111111111111111111111111112
FYs3kU6Q1jwRF5oQV6UvHgjyuuW3bGdz2iJD7JCNpump	So11111111111111111111111111111111111111112
6GofmB1uqdVtB4gASwhfjixUjJs1UAPXGTETFRDd1cJn	So11111111111111111111111111111111111111112
DjtuXvDzakvsVd4zgKwjgw3Y8etyR3DpFVwENQrepump	So11111111111111111111111111111111111111112
7f9DEetSYKkRx5sLmVduaCdH1Qpyqxv3AJzJW8GGpump	So11111111111111111111111111111111111111112
2UnWnuGbP4LLkM26rrRjSsKym78VH1H4nFAqsQQfmvga	So11111111111111111111111111111111111111112
7GCihgDB8fe6KNjn2MYtkzZcRjQy3t9GHdC8uHYmW2hr	EPjFWdd5AufqSSqeM2qN1xzybapC8G4wEGGkZwyTDt1v
6tVZVjcppH2BZ9Xj5yFU1Zt34m2rYcyDqqpSeMDZpump	So11111111111111111111111111111111111111112
